vin,year,trim,color,miles,price,history,tags,dealer,city,state,distance,link
,2012,touring,gray,14642,30237,,sold|certified,joyce koons,manassas,va,31,http://www.cargurus.com/Cars/inventorylisting/viewDetailsFilterViewInventoryListing.action?sourceContext=carGurusHomePage_false_0&newSearchFromOverviewPage=true&inventorySearchWidgetType=AUTO&entitySelectingHelper.selectedEntity=c23155&entitySelectingHelper.selectedEntity2=c25202&zip=20901&distance=50&searchChanged=true&modelChanged=true&filtersModified=true#listing=128035985 
,2012,touring,gray,54237,25887,,sold,,chantilly,va,26,http://www.cargurus.com/Cars/inventorylisting/viewDetailsFilterViewInventoryListing.action?sourceContext=carGurusHomePage_false_0&newSearchFromOverviewPage=true&inventorySearchWidgetType=AUTO&entitySelectingHelper.selectedEntity=c23155&entitySelectingHelper.selectedEntity2=c25202&zip=20901&distance=50&searchChanged=true&modelChanged=true&filtersModified=true#listing=127280263
,2012,touring,white,51850,23788,,sold,,manassas,va,31,http://www.cargurus.com/Cars/inventorylisting/viewDetailsFilterViewInventoryListing.action?sourceContext=carGurusHomePage_false_0&newSearchFromOverviewPage=true&inventorySearchWidgetType=AUTO&entitySelectingHelper.selectedEntity=c23155&entitySelectingHelper.selectedEntity2=c25202&zip=20901&distance=50&searchChanged=true&modelChanged=true&filtersModified=true#listing=127569813
,2013,touring,black,44545,29000,,sold,,marlow heights,md,6,http://www.cargurus.com/Cars/inventorylisting/viewDetailsFilterViewInventoryListing.action?sourceContext=carGurusHomePage_false_0&newSearchFromOverviewPage=true&inventorySearchWidgetType=AUTO&entitySelectingHelper.selectedEntity=c23155&entitySelectingHelper.selectedEntity2=c25202&zip=20901&distance=50&searchChanged=true&modelChanged=true&filtersModified=true#listing=128585846
5FNRL5H90DB015832,2013,touring,black,44545,29000,,,,bethesda,md,7.3,https://www.truecar.com/used-cars-for-sale/listing/5FNRL5H90DB015832/2013-honda-odyssey/
5FNRL5H90DB062407,2013,touring,gray,41949,27000,27900,,lindsay ford,wheaton,md,5.4,https://www.truecar.com/used-cars-for-sale/listing/5FNRL5H90DB062407/2013-honda-odyssey/
5FNRL5H91CB141101,2012,touring elite,black,29967,30994,,,,fairfax,va,26.1,https://www.truecar.com/used-cars-for-sale/listing/5FNRL5H91CB141101/2012-honda-odyssey/
5FNRL5H91DB030064,2013,touring elite,gray,44459,31131,31431,certified,autonation honda dulles,sterling,va,23,http://www.cargurus.com/Cars/inventorylisting/viewDetailsFilterViewInventoryListing.action?sourceContext=carGurusHomePage_false_0&newSearchFromOverviewPage=true&inventorySearchWidgetType=AUTO&entitySelectingHelper.selectedEntity=c23155&entitySelectingHelper.selectedEntity2=c25202&zip=20901&distance=50&searchChanged=true&modelChanged=true&filtersModified=true#listing=126712921_isFeatured
5FNRL5H91FB033372,2015,touring elite,dark cherry,26598,37979,,certified,,woodbridge,va,38.1,https://www.truecar.com/used-cars-for-sale/listing/5FNRL5H91FB033372/2015-honda-odyssey/
5FNRL5H92CB026751,2012,touring elite,silver,32209,27987,,,auto leader,baltimore,md,31.3,https://www.truecar.com/used-cars-for-sale/listing/5FNRL5H92CB026751/2012-honda-odyssey/
5FNRL5H92CB139180,2012,touring elite,white,44558,26997,,,bel air honda,fallston,md,58.1,https://www.truecar.com/used-cars-for-sale/listing/5FNRL5H92CB139180/2012-honda-odyssey/
5FNRL5H92DB054499,2013,touring,white,35903,29520,29920,discount:750,mercedes-benz of silver spring,silver spring,md,3.5,https://www.truecar.com/used-cars-for-sale/listing/5FNRL5H92DB054499/2013-honda-odyssey/
5FNRL5H92DB082626,2013,touring,dark cherry,36373,30600,,certified,norris ford,dundalk,md,36.1,https://www.truecar.com/used-cars-for-sale/listing/5FNRL5H92DB082626/2013-honda-odyssey/
5FNRL5H92DB082626,2013,touring,dark cherry,36373,30600,30800,,norris ford,baltimore,md,32,http://www.cargurus.com/Cars/inventorylisting/viewDetailsFilterViewInventoryListing.action?sourceContext=carGurusHomePage_false_0&newSearchFromOverviewPage=true&inventorySearchWidgetType=AUTO&entitySelectingHelper.selectedEntity=c23155&entitySelectingHelper.selectedEntity2=c25202&zip=20901&distance=50&searchChanged=true&modelChanged=true&filtersModified=true#listing=117496233
5FNRL5H92EB016563,2014,touring,white,57753,31997,31397,,,capitol heights,md,17,https://www.truecar.com/used-cars-for-sale/listing/5FNRL5H92EB016563/2014-honda-odyssey/
5FNRL5H93CB126163,2012,touring,polished metal,37878,27990,,certified,sheehy,alexandria,va,30.4,https://www.truecar.com/used-cars-for-sale/listing/5FNRL5H93CB126163/2012-honda-odyssey/
5FNRL5H93DB028719,2013,touring,topaz,50706,29799,,,,brandywine,md,32.9,https://www.truecar.com/used-cars-for-sale/listing/5FNRL5H93DB028719/2013-honda-odyssey/
5FNRL5H93DB035699,2013,touring,,29538,32810,,certified,sport honda,silver spring,md,3.5,http://www.sporthonda.com/Certified-2013-Honda-Odyssey-Touring-Silver-Spring-MD/vd/31455356
5FNRL5H93EB069630,2014,touring,silver,13683,35979,36895,,,bethesda,md,7.3,https://www.truecar.com/used-cars-for-sale/listing/5FNRL5H93EB069630/2014-honda-odyssey/
5FNRL5H93FB022003,2015,touring elite,modern steel,32286,36248,,certified,mile one,baltimore,md,31.3,https://www.truecar.com/used-cars-for-sale/listing/5FNRL5H93FB022003/2015-honda-odyssey/
5FNRL5H94CB144090,2012,touring,black,32000,31899,,,car max,ellicott city,md,21.9,http://www.carmax.com/enus/view-car/default.html?id=12026844&AVi=0&No=0&Rp=R&D=20&zip=20901&N=4294961438+4294961084&sY=2012-2016&ASTc=Honda%20Odyssey&Q=415e5ef6-f0f7-4a81-be14-0eed0af95ad7&Ep=search:results:results%20page
5FNRL5H95EB029579,2014,touring elite,gray,21000,34998,,,car max,sterling,va,33.1,http://www.carmax.com/enus/view-car/default.html?id=12467511&AVi=1&No=0&Rp=R&D=20&zip=20901&N=4294961438+4294961084&sY=2012-2016&ASTc=Honda%20Odyssey&Q=415e5ef6-f0f7-4a81-be14-0eed0af95ad7&Ep=search:results:results%20page
5FNRL5H96DB058927,2013,touring,polished metal,26293,31900,32500,certified,norris ford,dundalk,md,36.1,https://www.truecar.com/used-cars-for-sale/listing/5FNRL5H96DB058927/2013-honda-odyssey/
5FNRL5H96DB081057,2013,touring,white,41926,29661,,,honda of chantilly,chantilly,va,31.9,https://www.truecar.com/used-cars-for-sale/listing/5FNRL5H96DB081057/2013-honda-odyssey/
5FNRL5H97CB040385,2012,touring elite,dark cherry,57203,26998,,,jim coleman honda,clarksville,md,20,http://www.jimcolemanhonda.com/used-Baltimore-2012-Honda-Odyssey-Touring+Elite-5FNRL5H97CB040385
5FNRL5H97CB120334,2012,touring elite,polished metal,34722,28139,,,mile one,owings mills,md,40.8,https://www.truecar.com/used-cars-for-sale/listing/5FNRL5H97CB120334/2012-honda-odyssey/
5FNRL5H97CB122875,2012,touring,,39560,28750,28788,,mile one,wesminster,md,48.5,https://www.truecar.com/used-cars-for-sale/listing/5fnrl5h97cb122875/2012-honda-odyssey/
5FNRL5H97DB013348,2013,touring elite,black,42084,31788,31433|32810,certified,sport honda,silver spring,md,5,http://www.cargurus.com/Cars/inventorylisting/viewDetailsFilterViewInventoryListing.action?sourceContext=carGurusHomePage_false_0&newSearchFromOverviewPage=true&inventorySearchWidgetType=AUTO&entitySelectingHelper.selectedEntity=c23155&entitySelectingHelper.selectedEntity2=c25202&zip=20901&distance=50&searchChanged=true&modelChanged=true&filtersModified=true#listing=124455034_isFeatured
5FNRL5H97DB013348,2013,touring elite,black,42090,31788,,certified,sport honda,silver sring,md,3.5,http://www.sporthonda.com/Certified-2013-Honda-Odyssey-Touring-Elite-Silver-Spring-MD/vd/30333723
5FNRL5H97DB033566,2013,touring,slate,48078,30995,,,,annapolis,md,32.5,https://www.truecar.com/used-cars-for-sale/listing/5FNRL5H97DB033566/2013-honda-odyssey/
5FNRL5H97EB050997,2014,touring,dark cherry,50712,31000,31101|31325,,farrish of fairfax,fairfax,va,18,http://www.cargurus.com/Cars/inventorylisting/viewDetailsFilterViewInventoryListing.action?sourceContext=carGurusHomePage_false_0&newSearchFromOverviewPage=true&inventorySearchWidgetType=AUTO&entitySelectingHelper.selectedEntity=c23155&entitySelectingHelper.selectedEntity2=c25202&zip=20901&distance=50&searchChanged=true&modelChanged=true&filtersModified=true#listing=126271514
5FNRL5H97EB050997,2014,touring,dark cherry,50712,31000,31123,,farrish of fairfax,fairfax,va,25.8,https://www.truecar.com/used-cars-for-sale/listing/5FNRL5H97EB050997/2014-honda-odyssey/
5FNRL5H97EB127836,2014,touring elite,white,27179,32362,33540|34371,,,chantilly,va,26,http://www.cargurus.com/Cars/inventorylisting/viewDetailsFilterViewInventoryListing.action?sourceContext=carGurusHomePage_false_0&newSearchFromOverviewPage=true&inventorySearchWidgetType=AUTO&entitySelectingHelper.selectedEntity=c23155&entitySelectingHelper.selectedEntity2=c25202&zip=20901&distance=50&searchChanged=true&modelChanged=true&filtersModified=true#listing=125464898
5FNRL5H97EB127836,2014,touring elite,white,27179,32362,33540|34371,,ourisman chantilly toyota,chantilly,va,26,http://www.cargurus.com/Cars/inventorylisting/viewDetailsFilterViewInventoryListing.action?sourceContext=usedPaidSearchNoZip&newSearchFromOverviewPage=true&inventorySearchWidgetType=AUTO&entitySelectingHelper.selectedEntity=c23155&entitySelectingHelper.selectedEntity2=c24124&zip=20901&distance=50&searchChanged=true&trimNames=EX-L&maxPrice=31000&maxMileage=30000&modelChanged=false&filtersModified=true#listing=125464898
5FNRL5H98CB043313,2012,touring elite,polished metal,63399,27499,27894,,pohanka honda,fredreicksburg,va,67.5,https://www.truecar.com/used-cars-for-sale/listing/5FNRL5H98CB043313/2012-honda-odyssey/
5FNRL5H98CB047345,2012,touring,polished metal,40518,28498,,,mile one,westminster,md,48.5,https://www.truecar.com/used-cars-for-sale/listing/5FNRL5H98CB047345/2012-honda-odyssey/
5FNRL5H98CB124716,2012,touring,polished metal,26045,26495,,quote:25995,chantilly auto sales,chantilly,va,26,http://www.cargurus.com/Cars/inventorylisting/viewDetailsFilterViewInventoryListing.action?sourceContext=carGurusHomePage_false_0&newSearchFromOverviewPage=true&inventorySearchWidgetType=AUTO&entitySelectingHelper.selectedEntity=c23155&entitySelectingHelper.selectedEntity2=c25202&zip=20901&distance=50&searchChanged=true&modelChanged=true&filtersModified=true#listing=123086416
5FNRL5H98CB124716,2012,touring,polished metal,26945,26495,,,chantilly auto sales,chantilly,va,31.6,https://www.truecar.com/used-cars-for-sale/listing/5FNRL5H98CB124716/2012-honda-odyssey/
5FNRL5H98DB042552,2013,touring,topaz,38798,30899,31788,certified,sport honda,silver spring,md,3.5,http://www.sporthonda.com/Certified-2013-Honda-Odyssey-Touring-Silver-Spring-MD/vd/29883023
5FNRL5H98EB008581,2014,touring,bronze,11063,35995,,sold,,fredericksburg,va,68.3,https://www.truecar.com/used-cars-for-sale/listing/5FNRL5H98EB008581/2014-honda-odyssey/
5FNRL5H99CB006478,2012,touring elite,topaz,47868,28965,,,car zone,baltimore,md,31.3,https://www.truecar.com/used-cars-for-sale/listing/5FNRL5H99CB006478/2012-honda-odyssey/
5FNRL5H99DB033553,2013,touring,polished metal,49725,28657,,,honda of chantilly,chantilly,va,31.9,https://www.truecar.com/used-cars-for-sale/listing/5FNRL5H99DB033553/2013-honda-odyssey/
5FNRL5H9XCB073168,2012,touring,white,44000,28899,,,car max,white marsh,md,45.3,http://www.carmax.com/enus/view-car/default.html?id=11724800&AVi=2&No=0&Rp=R&D=20&zip=20901&N=4294961438+4294961084&sY=2012-2016&ASTc=Honda%20Odyssey&Q=415e5ef6-f0f7-4a81-be14-0eed0af95ad7&Ep=search:results:results%20page
5FNRL5H9XDB003543,2013,touring,gray,52655,30888,,certified,sport honda,silver spring,md,3.5,http://www.sporthonda.com/Certified-2013-Honda-Odyssey-Touring-Silver-Spring-MD/vd/30380588
5FNRL5H9XEB082990,2014,touring,gray,19717,35881,,,euro motor cars,germantown,md,23,https://www.truecar.com/used-cars-for-sale/listing/5FNRL5H9XEB082990/2014-honda-odyssey/
